passage,criticalsign
1.2,diple
1.3,diple
1.5,dotteddiple
1.7,dotteddiple
1.12,asteriskos
1.13,asteriskos
1.14,asteriskos
1.15,asteriskos
1.16,dotteddiple
1.17,diple
1.26,diple
1.29,obelos
1.30,obelos
1.31,obelos
1.42,dotteddiple
1.51,diple
1.52,diple
1.56,dotteddiple
1.58,dotteddiple
1.59,dotteddiple
1.60,dotteddiple
1.62,diple
1.65,dotteddiple
1.68,diple
1.69,dotteddiple
1.73,dotteddiple
1.80,dotteddiple
1.93,dotteddiple
1.96,obelos
1.100,dotteddiple
1.103,asteriskos
1.104,asteriskos
1.110,obelos
1.133,obelos
1.139,obelos
1.148,dotteddiple
1.175,diple
1.177,asteriskos
1.184,dotteddiple
1.189,diple
1.192,obelos
1.194,dotteddiple
1.195,obelos
1.196,obelos
1.196,asteriskos
1.198,dotteddiple
1.200,diple
1.203,dotteddiple
1.204,dotteddiple
1.208,asteriskos
1.208,dotteddiple
1.209,asteriskos
1.209,dotteddiple
1.249,dotteddiple
1.251,dotteddiple
1.260,dotteddiple
1.262,dotteddiple
1.270,dotteddiple
1.271,dotteddiple
1.272,diple
1.275,diple
1.291,diple
1.295,diple
1.299,dotteddiple
1.305,dotteddiple
1.307,dotteddiple
1.310,dotteddiple
1.320,dotteddiple
1.330,dotteddiple
1.336,dotteddiple
1.338,diple
1.340,diple
1.351,dotteddiple
1.364,diple
1.365,diple
1.366,obelos
1.367,obelos
1.368,obelos
1.369,obelos
1.370,obelos
1.371,obelos
1.372,obelos
1.372,asteriskos
1.373,obelos
1.373,asteriskos
1.374,obelos
1.374,asteriskos
1.375,obelos
1.375,asteriskos
1.376,obelos
1.376,asteriskos
1.377,obelos
1.377,asteriskos
1.378,obelos
1.378,asteriskos
1.379,obelos
1.379,asteriskos
1.380,obelos
1.381,obelos
1.382,obelos
1.383,obelos
1.384,obelos
1.385,obelos
1.386,obelos
1.387,obelos
1.388,obelos
1.389,obelos
1.390,obelos
1.391,obelos
1.392,obelos
1.393,dotteddiple
1.402,diple
1.403,asteriskos
1.404,asteriskos
1.405,asteriskos
1.412,diple
1.424,obelos
1.425,diple
1.429,diple
1.443,diple
1.444,obelos
1.454,diple
1.459,diple
1.461,diple
1.467,diple
1.472,diple
1.473,diple
1.474,obelos
1.477,diple
1.493,diple
1.497,diple
1.526,diple
1.530,dotteddiple
1.564,dotteddiple
1.567,dotteddiple
1.572,dotteddiple
1.578,diple
2.2,diple
2.6,diple
2.8,diple
2.10,diple
2.27,asteriskos
2.27,obelos
2.36,diple
2.41,diple
2.45,diple
2.49,diple
2.55,diple
2.56,asteriskos
2.64,asteriskos
2.64,obelos
2.70,diple
2.76,obelos
2.77,obelos
2.78,obelos
2.79,obelos
2.80,obelos
2.81,obelos
2.82,obelos
2.87,asteriskos
2.89,dotteddiple
2.93,dotteddiple
2.106,diple
2.107,diple
2.108,diple
2.109,diple
2.110,dotteddiple
2.111,dotteddiple
2.115,dotteddiple
2.116,asteriskos
2.116,dotteddiple
2.119,dotteddiple
2.122,dotteddiple
2.124,obelos
2.125,diple
2.130,obelos
2.131,obelos
2.132,obelos
2.133,obelos
2.143,obelos
2.144,dotteddiple
2.148,diple
2.160,asteriskos
2.160,obelos
2.161,diple
2.161,asteriskos
2.161,obelos
2.162,asteriskos
2.162,obelos
2.164,asteriskos
2.164,obelos
2.167,diple
2.176,asteriskos
2.177,asteriskos
2.178,asteriskos
2.180,asteriskos
2.184,diple
2.186,diple
2.187,diple
2.188,reversedottedantisgma
2.189,diple
2.192,reversedottedantisgma
2.193,obelos
2.194,obelos
2.195,obelos
2.196,dotteddiple
2.196,obelos
2.197,obelos
2.203,dottedantisigma
2.204,dottedantisigma
2.205,dottedantisigma
2.217,diple
2.220,dotteddiple
2.226,dotteddiple
2.227,dotteddiple
2.229,diple
2.231,dotteddiple
2.238,diple
2.239,dotteddiple
2.247,diple
2.252,obelos
2.253,obelos
2.254,obelos
2.255,obelos
2.256,obelos
2.258,diple
2.260,diple
2.264,diple
2.269,diple
2.276,diple
2.278,diple
2.286,diple
2.291,diple
2.297,dotteddiple
2.299,dotteddiple
2.300,diple
2.302,dotteddiple
2.314,dotteddiple
2.318,dotteddiple
2.319,obelos
2.320,diple
2.328,diple
2.341,diple
2.349,diple
2.353,diple
2.356,diple
2.381,diple
2.385,diple
2.397,diple
2.412,diple
2.417,diple
2.422,diple
2.424,diple
2.435,dotteddiple
2.438,diple
2.440,dotteddiple
2.453,asteriskos
2.454,asteriskos
2.455,asteriskos
2.480,diple
2.485,dotteddiple
2.486,dotteddiple
2.498,diple
2.500,diple
2.502,dotteddiple
2.507,dotteddiple
2.511,diple
2.517,diple
2.520,dotteddiple
2.527,diple
2.528,dotteddiple
2.529,obelos
2.530,obelos
2.532,dotteddiple
2.547,diple
2.553,dotteddiple
2.570,diple
2.571,dotteddiple
2.579,dotteddiple
2.580,dotteddiple
2.581,dotteddiple
2.582,diple
2.590,diple
2.592,diple
2.596,diple
2.597,diple
2.599,diple
2.603,obelos
2.605,diple
2.612,dotteddiple
2.613,dotteddiple
2.614,dotteddiple
2.616,dotteddiple
2.621,diple
2.625,diple
2.626,dotteddiple
2.629,diple
2.631,obelos
2.634,dotteddiple
2.641,dotteddiple
2.642,dotteddiple
2.649,diple
2.658,dotteddiple
2.659,diple
2.667,dotteddiple
2.668,diple
2.669,obelos
2.670,diple
2.673,dotteddiple
2.674,dotteddiple
2.675,dotteddiple
2.681,diple
2.684,diple
2.689,diple
2.690,dotteddiple
2.694,dotteddiple
2.696,diple
2.697,dotteddiple
2.701,diple
2.718,dotteddiple
2.722,diple
2.724,dotteddiple
2.725,dotteddiple
2.727,dotteddiple
2.730,diple
2.741,diple
2.742,diple
2.745,diple
2.763,diple
2.767,diple
2.791,obelos
2.792,obelos
2.793,obelos
2.794,obelos
2.795,obelos
2.801,diple
2.802,diple
2.807,diple
2.809,diple
2.819,diple
2.820,diple
2.827,diple
2.837,diple
2.838,diple
2.839,dotteddiple
2.850,diple
2.851,diple
2.852,dotteddiple
2.856,diple
2.860,obelos
2.861,obelos
2.863,diple
2.867,diple
2.871,diple
2.872,diple
2.874,obelos
2.875,obelos
3.3,diple
3.4,diple
3.5,diple
3.6,diple
3.10,diple
3.11,diple
3.13,diple
3.18,dotteddiple
3.19,obelos
3.20,obelos
3.25,diple
3.28,dotteddiple
3.31,diple
3.36,diple
3.44,diple
3.48,diple
3.49,diple
3.54,diple
3.56,dotteddiple
3.65,diple
3.71,dotteddiple
3.74,dotteddiple
3.80,diple
3.82,diple
3.83,diple
3.92,dotteddiple
3.99,dotteddiple
3.100,dotteddiple
3.103,diple
3.104,diple
3.105,diple
3.108,obelos
3.109,obelos
3.110,obelos
3.122,diple
3.126,diple
3.138,diple
3.144,obelos
3.144,diple
3.152,dotteddiple
3.155,dotteddiple
3.163,diple
3.184,diple
3.205,diple
3.206,diple
3.207,diple
3.211,dotteddiple
3.219,diple
3.224,diple
3.230,diple
3.244,dotteddiple
3.250,dotteddiple
3.257,asteriskos
3.261,diple
3.263,diple
3.270,diple
3.271,diple
3.273,dotteddiple
3.276,diple
3.277,dotteddiple
3.278,diple
3.279,dotteddiple
3.280,dotteddiple
3.286,diple
3.297,diple
3.305,diple
3.325,dotteddiple
3.333,dotteddiple
3.334,dotteddiple
3.335,dotteddiple
3.339,diple
3.352,obelos
3.354,diple
3.361,diple
3.364,dotteddiple
3.368,diple
3.380,diple
3.391,diple
3.392,diple
3.395,dotteddiple
3.396,obelos
3.397,obelos
3.398,obelos
3.399,obelos
3.400,obelos
3.401,obelos
3.402,obelos
3.403,obelos
3.404,obelos
3.405,obelos
3.406,obelos
3.407,obelos
3.408,obelos
3.409,obelos
3.410,obelos
3.411,obelos
3.412,obelos
3.413,obelos
3.414,obelos
3.415,obelos
3.416,obelos
3.417,obelos
3.418,obelos
3.423,dotteddiple
3.424,dotteddiple
3.425,dotteddiple
3.426,dotteddiple
3.432,obelos
3.433,obelos
3.434,obelos
3.435,obelos
3.436,obelos
3.445,diple
3.459,dotteddiple
3.460,diple
4.2,diple
4.3,dotteddiple
4.4,diple
4.21,diple
4.22,diple
4.45,diple
4.46,diple
4.52,diple
4.55,obelos
4.56,obelos
4.59,diple
4.60,diple
4.64,diple
4.71,diple
4.74,diple
4.88,dotteddiple
4.89,dotteddiple
4.100,diple
4.101,diple
4.102,diple
4.108,diple
4.117,obelos
4.123,diple
4.133,diple
4.135,diple
4.138,diple
4.139,diple
4.140,obelos
4.141,diple
4.154,diple
4.157,diple
4.159,diple
4.161,dotteddiple
4.164,diple
4.167,diple
4.171,diple
4.174,diple
4.176,diple
4.182,dotteddiple
4.187,dotteddiple
4.191,diple
4.195,asteriskos
4.195,obelos
4.196,asteriskos
4.197,asteriskos
4.197,obelos
4.205,asteriskos
4.206,diple
4.208,diple
4.216,diple
4.226,diple
4.228,diple
4.232,dotteddiple
4.243,diple
4.244,diple
4.246,diple
4.251,diple
4.262,diple
4.273,diple
4.277,dotteddiple
4.282,dotteddiple
4.295,diple
4.302,diple
4.307,diple
4.315,diple
4.320,obelos
4.320,asteriskos
4.325,diple
4.331,diple
4.339,dotteddiple
4.343,diple
4.345,diple
4.346,diple
4.354,diple
4.357,diple
4.377,diple
4.384,dotteddiple
4.390,asteriskos
4.407,obelos
4.408,obelos
4.409,obelos
4.412,diple
4.416,diple
4.429,diple
4.439,diple
4.440,diple
4.448,diple
4.451,diple
4.456,diple
4.457,diple
4.458,diple
4.463,diple
4.478,dotteddiple
4.487,diple
4.491,diple
4.500,diple
4.502,diple
4.513,diple
4.521,diple
4.527,diple
4.535,diple
4.539,diple
4.540,diple
5.5,diple
5.6,diple
5.14,diple
5.17,diple
5.21,diple
5.28,diple
5.31,dotteddiple
5.37,diple
5.39,diple
5.52,diple
5.53,dotteddiple
5.58,diple
5.60,diple
5.64,obelos
5.68,diple
5.70,diple
5.79,diple
5.83,diple
5.85,diple
5.99,diple
5.105,diple
5.121,diple
5.122,asteriskos
5.128,dotteddiple
5.138,dotteddiple
5.140,diple
5.141,diple
5.145,diple
5.146,dotteddiple
5.147,diple
5.148,diple
5.149,diple
5.150,diple
5.153,diple
5.156,dotteddiple
5.162,dotteddiple
5.169,diple
5.173,diple
5.177,diple
5.183,obelos
5.187,dotteddiple
5.188,diple
5.189,diple
5.191,diple
5.194,dotteddiple
5.195,diple
5.197,diple
5.200,diple
5.208,diple
5.210,diple
5.211,diple
5.212,diple
5.222,diple
5.223,diple
5.224,diple
5.228,diple
5.230,diple
5.233,diple
5.238,diple
5.245,diple
5.249,diple
5.252,diple
5.253,diple
5.255,diple
5.257,diple
5.261,diple
5.262,diple
5.263,diple
5.266,diple
5.269,diple
5.272,diple
5.278,diple
5.289,diple
5.298,diple
5.299,diple
5.300,diple
5.309,diple
5.310,asteriskos
5.319,diple
5.323,dotteddiple
5.329,dotteddiple
5.333,diple
5.638,diple
5.648,diple
5.657,diple
5.661,diple
5.662,diple
5.667,diple
5.670,diple
5.684,diple
5.700,diple
5.705,diple
5.706,diple
5.708,dotteddiple
5.729,diple
5.734,asteriskos
5.735,asteriskos
5.736,asteriskos
5.736,diple
5.736,diple
5.744,diple
5.746,asteriskos
5.747,asteriskos
5.749,diple
5.754,diple
5.763,diple
5.764,diple
5.774,diple
5.785,diple
5.795,diple
5.796,diple
5.800,diple
5.807,dotteddiple
5.812,diple
5.814,diple
5.832,diple
5.834,diple
5.836,diple
5.838,obelos
5.839,obelos
5.842,diple
5.857,diple
5.864,diple
5.875,diple
5.878,diple
5.891,asteriskos
5.892,diple
5.893,diple
5.895,obelos
5.898,dotteddiple
5.899,diple
5.905,diple
5.906,asteriskos
5.906,diple
6.2,diple
6.3,diple
6.4,diple
6.9,diple
6.15,diple
6.17,diple
6.18,diple
6.19,diple
6.24,diple
6.25,diple
6.34,dotteddiple
6.38,diple
6.40,diple
6.41,diple
6.43,diple
6.50,diple
6.64,diple
6.71,diple
6.77,diple
6.87,diple
6.92,diple
6.96,diple
6.97,diple
6.112,dotteddiple
6.117,diple
6.119,diple
6.128,diple
6.130,diple
6.132,diple
6.135,diple
6.146,diple
6.150,diple
6.152,diple
6.153,diple
6.154,diple
6.160,diple
6.169,diple
6.170,diple
6.174,diple
6.176,diple
6.178,diple
6.181,diple
6.183,diple
6.189,diple
6.191,diple
6.194,diple
6.198,diple
6.199,diple
6.201,diple
6.210,diple
6.218,diple
6.237,diple
6.239,diple
6.241,diple
6.248,diple
6.252,diple
6.257,diple
6.260,diple
6.262,diple
6.264,diple
6.265,diple
6.266,dotteddiple
6.273,diple
6.277,diple
6.278,diple
6.285,diple
6.289,diple
6.291,diple
6.292,diple
6.303,diple
6.311,obelos
6.317,diple
6.319,diple
6.325,diple
6.326,diple
6.331,diple
6.335,diple
6.337,diple
6.360,diple
6.370,diple
6.396,diple
6.398,diple
6.400,diple
6.403,diple
6.408,diple
6.415,diple
6.417,diple
6.433,obelos
6.434,obelos
6.435,obelos
6.436,obelos
6.437,obelos
6.438,obelos
6.439,obelos
6.448,diple
6.457,diple
6.459,diple
6.464,diple
6.472,diple
6.490,asteriskos
6.491,asteriskos
6.492,asteriskos
6.493,asteriskos
6.506,diple
6.506,asteriskos
6.507,diple
6.507,asteriskos
6.508,asteriskos
6.509,asteriskos
6.510,diple
6.511,dotteddiple
6.512,diple
6.514,diple
6.518,diple
7.5,diple
7.6,diple
7.8,diple
7.9,dotteddiple
7.10,diple
7.12,diple
7.16,diple
7.20,diple
7.22,diple
7.32,dotteddiple
7.39,diple
7.41,diple
7.44,diple
7.46,diple
7.53,obelos
7.64,diple
7.75,diple
7.79,diple
7.80,diple
7.82,diple
7.86,diple
7.89,diple
7.102,diple
7.111,diple
7.114,dotteddiple
7.116,diple
7.127,dotteddiple
7.133,diple
7.135,diple
7.136,diple
7.138,diple
7.146,diple
7.148,diple
7.149,diple
7.153,dotteddiple
7.156,diple
7.161,diple
7.171,diple
7.175,diple
7.180,diple
7.182,diple
7.187,diple
7.195,obelos
7.196,obelos
7.197,obelos
7.198,obelos
7.199,obelos
7.202,diple
7.221,diple
7.239,diple
7.250,dotteddiple
7.255,diple
7.273,diple
7.276,diple
7.282,asteriskos
7.293,obelos
7.293,asteriskos
7.295,obelos
7.303,diple
7.305,diple
7.306,diple
7.312,diple
7.314,diple
7.319,diple
7.328,diple
7.330,diple
7.333,diple
7.334,obelos
7.335,obelos
7.339,diple
7.345,diple
7.353,obelos
7.390,diple
7.392,diple
7.393,diple
7.398,asteriskos
7.399,asteriskos
7.407,diple
7.413,diple
7.429,diple
7.433,diple
7.436,diple
7.443,obelos
7.444,obelos
7.445,obelos
7.446,obelos
7.447,diple
7.447,obelos
7.448,obelos
7.449,obelos
7.450,obelos
7.451,obelos
7.452,obelos
7.453,obelos
7.453,diple
7.454,obelos
7.455,obelos
7.456,obelos
7.457,obelos
7.458,obelos
7.459,obelos
7.460,obelos
7.461,obelos
7.462,obelos
7.463,obelos
7.464,obelos
7.465,diple
7.473,diple
7.474,diple
7.475,obelos
8.1,dotteddiple
8.3,diple
8.16,diple
8.19,diple
8.22,diple
8.25,dotteddiple
8.26,dotteddiple
8.28,asteriskos
8.28,obelos
8.29,asteriskos
8.29,obelos
8.30,asteriskos
8.30,obelos
8.31,asteriskos
8.31,obelos
8.32,asteriskos
8.32,obelos
8.33,asteriskos
8.33,obelos
8.34,asteriskos
8.34,obelos
8.35,obelos
8.36,obelos
8.37,obelos
8.38,obelos
8.39,asteriskos
8.39,obelos
8.40,asteriskos
8.40,obelos
8.43,diple
8.46,diple
8.47,diple
8.53,dotteddiple
8.56,diple
8.58,diple
8.60,diple
8.62,diple
8.65,diple
8.66,diple
8.68,diple
8.70,diple
8.73,obelos
8.74,obelos
8.89,diple
8.93,obelos
8.97,diple
8.99,diple
8.106,diple
8.107,diple
8.108,obelos
8.109,diple
8.114,diple
8.124,diple
8.125,diple
8.128,dotteddiple
8.130,diple
8.131,diple
8.139,dotteddiple
8.149,diple
8.150,diple
8.163,diple
8.164,obelos
8.165,obelos
8.166,obelos
8.168,diple
8.185,obelos
8.186,diple
8.189,obelos
8.193,diple
8.199,diple
8.206,diple
8.207,dotteddiple
8.209,diple
8.221,diple
8.230,diple
8.231,obelos
8.233,diple
8.235,obelos
8.239,diple
8.250,diple
8.257,diple
8.266,diple
8.270,diple
8.276,diple
8.284,obelos
8.290,diple
8.293,diple
8.299,diple
8.301,diple
8.303,diple
8.306,diple
8.307,diple
8.308,diple
8.312,dotteddiple
8.313,diple
8.316,diple
8.317,diple
8.321,diple
8.322,diple
8.325,diple
8.328,diple
8.331,diple
8.340,diple
8.349,diple
8.361,diple
8.368,diple
8.371,obelos
8.372,obelos
8.373,diple
8.377,dotteddiple
8.378,dotteddiple
8.385,obelos
8.386,obelos
8.387,obelos
8.390,obelos
8.391,obelos
8.393,diple
8.399,diple
8.406,asteriskos
8.407,asteriskos
8.408,asteriskos
8.411,diple
8.420,obelos
8.421,obelos
8.422,obelos
8.423,obelos
8.424,obelos
8.428,diple
8.435,diple
8.439,diple
8.441,diple
8.443,diple
8.444,diple
8.448,dotteddiple
8.455,diple
8.459,diple
8.463,asteriskos
8.464,asteriskos
8.465,asteriskos
8.475,obelos
8.476,obelos
8.485,diple
8.488,diple
8.491,diple
8.493,dotteddiple
8.494,dotteddiple
8.495,dotteddiple
8.499,diple
8.501,dotteddiple
8.503,dotteddiple
8.505,diple
8.512,diple
8.513,diple
8.517,diple
8.519,diple
8.521,diple
8.524,obelos
8.525,obelos
8.526,dotteddiple
8.528,obelos
8.532,diple
8.535,antisigma
8.536,antisigma
8.537,antisigma
8.555,diple
8.557,asteriskos
8.557,obelos
8.558,asteriskos
8.558,obelos
8.560,dotteddiple
8.562,dotteddiple
9.2,diple
9.3,diple
9.9,diple
9.12,diple
9.14,dotteddiple
9.16,diple
9.17,diple
9.18,diple
9.19,diple
9.23,asteriskos
9.23,obelos
9.24,asteriskos
9.24,obelos
9.25,asteriskos
9.25,obelos
9.29,dotteddiple
9.30,dotteddiple
9.31,dotteddiple
9.34,diple
9.43,diple
9.44,obelos
9.47,diple
9.53,diple
9.56,diple
9.57,diple
9.67,diple
9.71,diple
9.77,diple
9.99,diple
9.116,diple
9.119,diple
9.128,diple
9.131,dotteddiple
9.133,diple
9.137,diple
9.140,diple
9.141,diple
9.145,diple
9.146,diple
9.147,diple
9.148,diple
9.153,diple
9.156,diple
9.160,diple
9.165,diple
9.168,diple
9.169,diple
9.170,diple
9.171,diple
9.180,diple
9.182,diple
9.188,diple
9.190,diple
9.192,diple
9.197,diple
9.206,diple
9.209,diple
9.212,diple
9.219,diple
9.222,diple
9.224,diple
9.225,diple
9.236,diple
9.241,diple
9.242,diple
9.246,diple
9.254,diple
9.261,diple
9.262,diple
9.271,diple
9.297,diple
9.313,diple
9.325,diple
9.327,diple
9.338,diple
9.347,diple
9.354,diple
9.364,diple
9.367,diple
9.378,diple
9.383,diple
9.385,diple
9.392,diple
9.395,diple
9.401,diple
9.404,diple
9.405,dotteddiple
9.416,obelos
9.419,diple
9.446,diple
9.447,diple
9.455,diple
9.456,diple
9.457,diple
9.473,diple
9.475,diple
9.478,diple
9.481,diple
9.505,diple
9.506,dotteddiple
9.509,diple
9.520,diple
9.527,diple
9.528,diple
9.531,diple
9.537,dotteddiple
9.540,diple
9.541,diple
9.542,diple
9.546,diple
9.554,diple
9.562,diple
9.567,diple
9.568,diple
9.569,diple
9.571,diple
9.575,diple
9.578,diple
9.586,diple
9.593,diple
9.594,diple
9.598,diple
9.605,diple
9.607,diple
9.612,dotteddiple
9.616,diple
9.619,diple
9.621,diple
9.622,diple
9.625,diple
9.632,diple
9.638,diple
9.641,dotteddiple
9.653,diple
9.656,diple
9.657,diple
9.664,dotteddiple
9.668,diple
9.680,diple
9.682,diple
9.685,diple
9.686,diple
9.688,obelos
9.689,obelos
9.690,obelos
9.691,obelos
9.692,obelos
9.694,asteriskos
9.694,obelos
9.698,diple
9.699,diple
9.709,diple
10.5,diple
10.7,diple
10.10,diple
10.23,diple
10.30,diple
10.37,diple
10.38,diple
10.44,diple
10.45,diple
10.51,obelos
10.52,obelos
10.53,diple
10.65,diple
10.68,diple
10.75,diple
10.77,diple
10.84,obelos
10.91,diple
10.98,dotteddiple
10.110,diple
10.116,diple
10.117,diple
10.118,diple
10.120,diple
10.140,diple
10.158,asteriskos
10.164,diple
10.167,diple
10.175,diple
10.187,diple
10.188,diple
10.189,diple
10.195,diple
10.204,diple
10.208,asteriskos
10.209,asteriskos
10.210,asteriskos
10.216,diple
10.224,diple
10.225,diple
10.226,diple
10.231,diple
10.240,obelos
10.240,diple
10.242,diple
10.252,diple
10.253,obelos
10.258,diple
10.262,diple
10.265,diple
10.266,diple
10.268,diple
10.277,diple
10.281,diple
10.282,diple
10.286,diple
10.298,diple
10.299,diple
10.317,dotteddiple
10.322,diple
10.326,diple
10.330,diple
10.332,diple
10.335,diple
10.338,diple
10.343,asteriskos
10.347,diple
10.351,diple
10.353,diple
10.354,diple
10.356,diple
10.361,diple
10.372,diple
10.375,diple
10.378,diple
10.381,diple
10.383,diple
10.387,asteriskos
10.387,obelos
10.397,obelos
10.398,diple
10.398,obelos
10.399,obelos
10.408,diple
10.409,asteriskos
10.409,obelos
10.410,asteriskos
10.410,obelos
10.411,asteriskos
10.411,obelos
10.428,diple
10.430,diple
10.445,diple
10.447,diple
10.458,diple
10.461,diple
10.466,diple
10.469,diple
10.470,diple
10.473,diple
10.475,diple
10.476,diple
10.478,diple
10.480,diple
10.485,diple
10.486,diple
10.488,diple
10.490,diple
10.495,diple
10.497,obelos
10.505,diple
10.515,diple
10.520,diple
10.528,diple
10.545,dotteddiple
10.546,dotteddiple
10.559,diple
10.561,diple
10.570,diple
10.571,diple
10.573,diple
10.574,diple
10.578,diple
10.579,diple
11.4,diple
11.11,diple
11.13,asteriskos
11.13,obelos
11.14,asteriskos
11.14,obelos
11.17,diple
11.21,diple
11.22,diple
11.27,diple
11.30,diple
11.32,diple
11.41,diple
11.43,diple
11.44,diple
11.45,diple
11.46,diple
11.49,diple
11.51,diple
11.52,diple
11.54,diple
11.55,diple
11.56,diple
11.62,diple
11.65,diple
11.68,diple
11.71,diple
11.72,diple
11.75,diple
11.78,obelos
11.79,obelos
11.80,obelos
11.81,obelos
11.82,obelos
11.83,obelos
11.86,diple
11.93,diple
11.94,diple
11.96,diple
11.97,diple
11.100,diple
11.101,diple
11.104,dotteddiple
11.106,diple
11.109,diple
11.111,diple
11.116,diple
11.121,diple
11.124,diple
11.128,diple
11.130,diple
11.140,diple
11.142,dotteddiple
11.144,diple
11.147,diple
11.155,diple
11.163,diple
11.166,diple
11.173,diple
11.178,diple
11.179,asteriskos
11.179,obelos
11.180,asteriskos
11.180,obelos
11.183,diple
11.191,diple
11.192,diple
11.196,diple
11.217,diple
11.221,diple
11.226,diple
11.234,diple
11.244,diple
11.252,diple
11.262,diple
11.266,diple
11.270,diple
11.281,diple
11.297,diple
11.302,diple
11.306,diple
11.307,diple
11.314,diple
11.319,diple
11.326,diple
11.328,diple
11.333,diple
11.350,diple
11.354,diple
11.355,diple
11.356,asteriskos
11.356,obelos
11.364,diple
11.368,dotteddiple
11.376,diple
11.385,diple
11.387,diple
11.390,diple
11.402,diple
11.404,diple
11.405,diple
11.409,diple
11.413,dotteddiple
11.422,diple
11.424,diple
11.430,diple
11.432,diple
11.456,diple
11.458,dotteddiple
11.462,diple
11.480,dotteddiple
11.492,diple
11.494,diple
11.502,diple
11.506,diple
11.515,obelos
11.523,diple
11.528,dotteddiple
11.544,diple
11.545,diple
11.548,dotteddiple
11.557,diple
11.559,diple
11.562,diple
11.568,diple
11.572,diple
11.574,diple
11.583,diple
11.589,diple
11.600,diple
11.601,diple
11.604,diple
11.606,diple
11.612,diple
11.620,diple
11.621,diple
11.622,diple
11.630,diple
11.632,diple
11.635,diple
11.636,diple
11.650,diple
11.659,diple
11.667,diple
11.683,diple
11.688,diple
11.689,diple
11.692,diple
11.694,diple
11.697,diple
11.699,diple
11.705,asteriskos
11.705,obelos
11.709,diple
11.711,diple
11.730,dotteddiple
11.734,diple
11.735,diple
11.737,diple
11.747,diple
11.750,diple
11.751,diple
11.752,diple
11.754,diple
11.759,diple
11.767,obelos
11.768,obelos
11.769,obelos
11.770,obelos
11.771,obelos
11.772,obelos
11.773,obelos
11.774,obelos
11.775,obelos
11.776,obelos
11.777,obelos
11.778,obelos
11.779,obelos
11.780,obelos
11.781,obelos
11.782,dotteddiple
11.782,obelos
11.783,obelos
11.784,obelos
11.785,obelos
11.786,diple
11.794,dotteddiple
11.795,dotteddiple
11.802,obelos
11.802,asteriskos
11.803,obelos
11.803,asteriskos
11.807,diple
11.817,diple
11.824,diple
11.832,diple
11.834,diple
11.841,diple
11.844,diple
12.17,diple
12.22,diple
12.34,dotteddiple
12.36,diple
12.46,diple
12.56,diple
12.66,diple
12.77,diple
12.93,diple
12.96,diple
12.97,diple
12.105,diple
12.107,diple
12.115,diple
12.118,diple
12.120,diple
12.121,diple
12.137,diple
12.139,diple
12.140,diple
12.144,diple
12.155,diple
12.159,diple
12.175,obelos
12.176,obelos
12.177,obelos
12.178,obelos
12.179,obelos
12.180,obelos
12.193,diple
12.201,diple
12.207,diple
12.210,diple
12.211,diple
12.213,diple
12.216,diple
12.228,diple
12.230,dotteddiple
12.239,diple
12.253,diple
12.254,diple
12.258,diple
12.261,diple
12.280,diple
12.285,diple
12.291,diple
12.301,diple
12.303,diple
12.328,diple
12.329,diple
12.335,diple
12.336,diple
12.346,dotteddiple
12.348,dotteddiple
12.349,diple
12.350,obelos
12.359,dotteddiple
12.363,obelos
12.365,dotteddiple
12.366,dotteddiple
12.368,dotteddiple
12.371,obelos
12.375,diple
12.394,diple
12.400,diple
12.401,diple
12.416,diple
12.426,diple
12.431,diple
12.442,dotteddiple
12.444,diple
12.450,obelos
12.455,diple
12.456,diple
12.458,diple
12.463,diple
12.468,diple
12.469,diple
12.470,diple
13.1,asteriskos
13.1,diple
13.10,dotteddiple
13.11,diple
13.12,diple
13.16,diple
13.21,diple
13.25,diple
13.28,diple
13.29,diple
13.41,diple
13.45,diple
13.49,diple
13.60,diple
13.61,asteriskos
13.64,diple
13.66,diple
13.68,dotteddiple
13.82,diple
13.85,diple
13.103,diple
13.110,diple
13.115,diple
13.127,diple
13.147,diple
13.148,dotteddiple
13.159,diple
13.165,diple
13.166,diple
13.172,dotteddiple
13.197,diple
13.203,diple
13.213,diple
13.217,diple
13.222,diple
13.223,diple
13.226,diple
13.236,diple
13.252,diple
13.257,diple
13.275,diple
13.276,diple
13.287,diple
13.288,diple
13.292,diple
13.295,diple
13.299,diple
13.306,diple
13.315,dotteddiple
13.317,diple
13.326,diple
13.327,diple
13.343,diple
13.344,diple
13.346,diple
13.350,obelos
13.359,diple
13.365,diple
13.366,diple
13.372,diple
13.382,diple
13.403,diple
13.408,diple
13.415,diple
13.420,diple
13.423,dotteddiple
13.426,diple
13.439,diple
13.456,diple
13.470,diple
13.471,diple
13.474,diple
13.493,diple
13.496,diple
13.502,diple
13.515,diple
13.546,diple
13.548,diple
13.557,diple
13.563,diple
13.564,diple
13.575,diple
13.584,diple
13.610,dotteddiple
13.625,diple
13.626,diple
13.627,dotteddiple
13.629,diple
13.643,diple
13.649,diple
13.657,diple
13.658,obelos
13.659,obelos
13.663,diple
13.681,diple
13.687,diple
13.692,dotteddiple
13.694,diple
13.697,diple
13.707,diple
13.724,diple
13.725,diple
13.734,diple
13.736,diple
13.740,diple
13.745,diple
13.754,diple
13.761,diple
13.764,diple
13.765,diple
13.773,diple
13.777,diple
13.782,diple
13.793,diple
13.820,diple
14.7,diple
14.8,diple
14.13,diple
14.16,diple
14.25,diple
14.28,diple
14.35,diple
14.37,dotteddiple
14.40,obelos
14.45,diple
14.58,diple
14.63,diple
14.69,diple
14.78,diple
14.84,diple
14.95,asteriskos
14.95,obelos
14.114,obelos
14.114,diple
14.117,diple
14.118,dotteddiple
14.124,diple
14.125,diple
14.128,diple
14.129,diple
14.135,dotteddiple
14.136,dotteddiple
14.147,diple
14.153,diple
14.154,diple
14.155,diple
14.162,dotteddiple
14.167,diple
14.168,diple
14.169,dotteddiple
14.170,diple
14.171,diple
14.172,diple
14.178,diple
14.180,diple
14.183,diple
14.196,diple
14.205,asteriskos
14.206,asteriskos
14.206,diple
14.207,asteriskos
14.208,dotteddiple
14.209,diple
14.213,obelos
14.214,diple
14.218,diple
14.219,diple
14.223,diple
14.225,diple
14.226,diple
14.235,diple
14.239,diple
14.242,diple
14.267,diple
14.272,diple
14.274,dotteddiple
14.279,diple
14.284,diple
14.288,diple
14.304,asteriskos
14.304,obelos
14.305,asteriskos
14.305,obelos
14.306,asteriskos
14.306,obelos
14.315,diple
14.317,obelos
14.318,obelos
14.319,obelos
14.320,obelos
14.321,obelos
14.322,obelos
14.323,obelos
14.324,obelos
14.325,obelos
14.326,obelos
14.327,obelos
14.338,diple
14.354,diple
14.366,dotteddiple
14.376,obelos
14.377,obelos
14.379,diple
14.382,diple
14.391,diple
14.394,dotteddiple
14.402,diple
14.405,diple
14.406,diple
14.416,diple
14.418,diple
14.421,diple
14.434,diple
14.439,diple
14.442,diple
14.463,diple
14.477,diple
14.485,diple
14.499,diple
14.500,obelos
14.509,diple
14.516,diple
14.518,diple
15.8,diple
15.10,diple
15.11,diple
15.14,diple
15.15,diple
15.18,diple
15.21,diple
15.23,diple
15.41,diple
15.50,diple
15.56,obelos
15.57,obelos
15.58,obelos
15.59,obelos
15.60,obelos
15.61,obelos
15.62,obelos
15.63,obelos
15.64,diple
15.64,obelos
15.65,obelos
15.66,obelos
15.67,obelos
15.68,obelos
15.69,diple
15.69,obelos
15.70,obelos
15.71,diple
15.71,obelos
15.72,obelos
15.73,obelos
15.74,obelos
15.75,obelos
15.76,obelos
15.77,obelos
15.86,diple
15.87,diple
15.94,diple
15.119,diple
15.122,diple
15.127,diple
15.138,dotteddiple
15.147,obelos
15.148,obelos
15.153,diple
15.155,diple
15.158,diple
15.161,diple
15.166,asteriskos
15.166,obelos
15.167,asteriskos
15.167,obelos
15.169,dotteddiple
15.170,dotteddiple
15.178,diple
15.182,asteriskos
15.183,asteriskos
15.189,diple
15.192,diple
15.193,diple
15.204,diple
15.212,obelos
15.213,obelos
15.214,obelos
15.215,obelos
15.216,obelos
15.217,obelos
15.223,diple
15.225,dotteddiple
15.229,diple
15.230,diple
15.231,obelos
15.232,obelos
15.233,obelos
15.234,obelos
15.235,obelos
15.241,diple
15.252,diple
15.265,asteriskos
15.265,obelos
15.266,asteriskos
15.266,obelos
15.267,asteriskos
15.267,obelos
15.268,asteriskos
15.268,obelos
15.288,diple
15.305,diple
15.310,diple
15.316,diple
15.330,diple
15.333,diple
15.336,diple
15.347,diple
15.350,diple
15.351,diple
15.356,dotteddiple
15.376,diple
15.377,dotteddiple
15.385,diple
15.395,diple
15.403,diple
15.405,diple
15.407,diple
15.412,diple
15.414,asteriskos
15.419,diple
15.428,diple
15.432,diple
15.439,dotteddiple
15.441,diple
15.449,asteriskos
15.449,obelos
15.450,asteriskos
15.450,obelos
15.451,asteriskos
15.451,obelos
15.462,diple
15.464,diple
15.470,diple
15.476,diple
15.480,diple
15.495,diple
15.505,diple
15.511,diple
15.513,diple
15.515,diple
15.518,diple
15.530,diple
15.531,diple
15.538,diple
15.543,diple
15.544,diple
15.545,diple
15.558,diple
15.571,diple
15.582,diple
15.587,dotteddiple
15.601,diple
15.610,obelos
15.611,obelos
15.612,obelos
15.613,obelos
15.614,obelos
15.622,diple
15.626,diple
15.640,dotteddiple
15.646,diple
15.651,diple
15.666,diple
15.668,obelos
15.669,obelos
15.670,obelos
15.671,obelos
15.672,obelos
15.673,diple
15.673,obelos
15.679,diple
15.697,diple
15.712,obelos
15.713,diple
15.716,dotteddiple
15.718,diple
15.722,diple
15.730,diple
16.9,diple
16.17,diple
16.20,diple
16.24,diple
16.28,diple
16.29,diple
16.30,diple
16.31,diple
16.34,diple
16.41,diple
16.44,asteriskos
16.45,asteriskos
16.46,diple
16.57,diple
16.59,diple
16.60,diple
16.61,diple
16.62,diple
16.70,diple
16.74,diple
16.81,diple
16.89,dotteddiple
16.90,dotteddiple
16.92,dotteddiple
16.93,dotteddiple
16.97,obelos
16.98,obelos
16.99,obelos
16.100,obelos
16.105,diple
16.106,diple
16.116,diple
16.123,diple
16.124,diple
16.128,diple
16.129,diple
16.140,dotteddiple
16.142,diple
16.146,diple
16.150,dotteddiple
16.161,dotteddiple
16.175,diple
16.179,diple
16.180,diple
16.184,diple
16.185,diple
16.188,dotteddiple
16.202,dotteddiple
16.203,diple
16.222,diple
16.234,diple
16.236,diple
16.237,obelos
16.237,asteriskos
16.239,diple
16.243,dotteddiple
16.260,diple
16.261,obelos
16.265,diple
16.274,diple
16.281,diple
16.299,asteriskos
16.311,diple
16.317,diple
16.326,diple
16.336,diple
16.354,diple
16.358,diple
16.361,diple
16.364,diple
16.371,diple
16.401,diple
16.403,diple
16.407,diple
16.408,diple
16.432,dotteddiple
16.454,diple
16.467,diple
16.481,diple
16.491,diple
16.496,diple
16.500,diple
16.507,dotteddiple
16.515,diple
16.522,diple
16.546,diple
16.559,diple
16.561,diple
16.574,diple
16.584,diple
16.586,diple
16.589,diple
16.595,diple
16.636,diple
16.666,dotteddiple
16.677,dotteddiple
16.688,diple
16.697,dotteddiple
16.702,diple
16.710,dotteddiple
16.718,diple
16.719,diple
16.747,diple
16.748,dotteddiple
16.768,diple
16.776,asteriskos
16.789,diple
16.801,diple
16.807,dotteddiple
16.812,diple
16.819,diple
16.822,diple
16.828,diple
16.850,diple
16.856,diple
17.2,diple
17.4,diple
17.8,diple
17.15,diple
17.24,diple
17.29,asteriskos
17.30,asteriskos
17.31,asteriskos
17.32,asteriskos
17.35,diple
17.38,diple
17.48,diple
17.51,dotteddiple
17.70,diple
17.92,diple
17.112,diple
17.115,diple
17.125,diple
17.126,diple
17.151,diple
17.153,dotteddiple
17.159,diple
17.163,diple
17.173,asteriskos
17.178,diple
17.197,diple
17.201,diple
17.211,diple
17.219,antisigma
17.237,diple
17.240,diple
17.242,diple
17.250,diple
17.260,dotteddiple
17.261,dotteddiple
17.582,diple
17.588,diple
17.594,diple
17.595,dotteddiple
17.597,diple
17.599,diple
17.602,diple
17.608,diple
17.639,diple
17.644,diple
17.649,diple
17.651,diple
17.658,diple
17.667,diple
17.681,diple
17.700,diple
17.702,diple
17.705,diple
17.719,diple
17.728,dotteddiple
18.7,diple
18.10,diple
18.23,diple
18.34,diple
18.39,obelos
18.40,obelos
18.41,obelos
18.42,obelos
18.43,obelos
18.44,obelos
18.45,obelos
18.46,obelos
18.47,obelos
18.48,obelos
18.49,obelos
18.57,diple
18.60,diple
18.77,diple
18.90,diple
18.93,diple
18.103,diple
18.117,diple
18.125,diple
18.130,diple
18.136,diple
18.148,diple
18.155,dotteddiple
18.160,dotteddiple
18.161,diple
18.174,dotteddiple
18.186,diple
18.191,diple
18.197,diple
18.222,diple
18.230,dotteddiple
18.236,diple
18.239,diple
18.247,dotteddiple
18.265,diple
18.272,diple
18.274,diple
18.283,diple
18.287,dotteddiple
18.291,diple
18.319,diple
18.332,diple
18.351,diple
18.352,diple
18.356,diple
18.373,diple
18.376,diple
18.392,diple
18.413,diple
18.416,diple
18.438,diple
18.444,obelos
18.445,obelos
18.446,obelos
18.447,obelos
18.448,obelos
18.449,obelos
18.450,obelos
18.451,obelos
18.452,obelos
18.453,obelos
18.454,obelos
18.455,obelos
18.456,obelos
18.460,diple
18.461,diple
18.470,diple
18.492,diple
18.495,diple
18.496,diple
18.502,diple
18.512,diple
18.519,diple
18.540,diple
18.550,diple
18.560,diple
18.570,diple
18.583,diple
18.584,dotteddiple
18.589,diple
18.590,diple
18.595,diple
18.596,diple
18.597,obelos
18.598,obelos
18.604,diple
19.8,diple
19.10,diple
19.14,dotteddiple
19.15,diple
19.25,diple
19.26,dotteddiple
19.34,diple
19.41,diple
19.42,diple
19.45,diple
19.49,diple
19.51,diple
19.62,diple
19.65,diple
19.67,diple
19.68,diple
19.71,diple
19.75,diple
19.77,dotteddiple
19.80,diple
19.85,diple
19.93,diple
19.94,obelos
19.97,diple
19.100,diple
19.114,diple
19.115,diple
19.118,diple
19.119,diple
19.120,diple
19.327,obelos
19.347,diple
19.361,diple
19.365,obelos
19.366,obelos
19.367,diple
19.367,obelos
19.368,obelos
19.380,diple
19.384,dotteddiple
19.387,obelos
19.388,dotteddiple
19.389,obelos
19.390,obelos
19.391,obelos
19.392,diple
19.400,diple
19.407,obelos
19.416,obelos
19.417,obelos
19.418,diple
20.4,diple
20.5,diple
20.7,diple
20.11,dotteddiple
20.13,diple
20.33,diple
20.40,diple
20.44,diple
20.48,diple
20.53,diple
20.58,diple
20.68,diple
20.69,diple
20.74,diple
20.79,diple
20.84,diple
20.107,diple
20.114,dotteddiple
20.125,obelos
20.126,obelos
20.127,obelos
20.128,obelos
20.147,diple
20.166,diple
20.180,obelos
20.181,obelos
20.182,obelos
20.183,obelos
20.184,obelos
20.185,obelos
20.186,obelos
20.195,asteriskos
20.195,obelos
20.196,asteriskos
20.196,obelos
20.197,asteriskos
20.197,obelos
20.198,asteriskos
20.198,obelos
20.205,obelos
20.206,obelos
20.207,obelos
20.208,obelos
20.209,obelos
20.213,diple
20.216,diple
20.223,diple
20.224,diple
20.229,diple
20.233,diple
20.234,diple
20.235,asteriskos
20.251,obelos
20.252,obelos
20.253,obelos
20.254,obelos
20.255,obelos
20.260,diple
20.261,diple
20.263,diple
20.266,diple
20.269,obelos
20.270,obelos
20.271,obelos
20.272,obelos
20.273,dotteddiple
20.279,diple
20.283,diple
20.290,diple
20.293,diple
20.298,diple
20.299,diple
20.311,diple
20.322,obelos
20.323,obelos
20.324,obelos
20.346,diple
20.362,diple
20.372,diple
20.375,diple
20.378,diple
20.385,diple
20.387,diple
20.388,diple
20.389,diple
20.404,diple
20.415,diple
20.440,diple
20.451,diple
20.454,diple
20.462,diple
20.464,diple
20.467,diple
20.478,diple
20.484,dotteddiple
21.2,dotteddiple
21.4,diple
21.17,diple
21.31,diple
21.33,diple
21.36,diple
21.37,diple
21.40,diple
21.67,diple
21.75,diple
21.83,diple
21.86,diple
21.95,dotteddiple
21.111,diple
21.125,diple
21.126,diple
21.127,diple
21.128,diple
21.130,obelos
21.131,obelos
21.132,obelos
21.133,obelos
21.134,obelos
21.135,obelos
21.146,diple
21.155,diple
21.165,diple
21.166,diple
21.169,dotteddiple
21.172,diple
21.173,diple
21.183,diple
21.185,diple
21.187,diple
21.195,dotteddiple
21.200,diple
21.218,diple
21.220,diple
21.232,diple
21.246,diple
21.247,diple
21.249,diple
21.252,diple
21.255,diple
21.281,diple
21.282,diple
21.283,diple
21.287,diple
21.290,obelos
21.296,diple
21.317,diple
21.319,diple
21.320,diple
21.323,diple
21.331,obelos
21.335,dotteddiple
21.337,diple
21.344,diple
21.345,diple
21.349,diple
21.362,diple
21.366,diple
21.388,diple
21.394,diple
21.397,diple
21.401,diple
21.416,diple
21.421,diple
21.424,diple
21.430,diple
21.444,diple
21.446,diple
21.455,diple
21.471,obelos
21.475,obelos
21.476,obelos
21.477,obelos
21.479,diple
21.485,diple
21.487,diple
21.495,diple
21.501,diple
21.511,diple
21.515,diple
21.519,diple
21.524,diple
21.526,diple
21.538,diple
21.541,diple
21.542,diple
21.544,diple
21.550,diple
21.554,obelos
21.570,obelos
21.575,diple
21.576,diple
21.602,diple
21.606,diple
22.6,diple
22.11,diple
22.23,dotteddiple
22.26,diple
22.27,diple
22.29,diple
22.31,diple
22.40,diple
22.41,diple
22.49,diple
22.51,diple
22.55,diple
22.66,diple
22.67,diple
22.68,diple
22.80,diple
22.84,diple
22.85,diple
22.88,diple
22.91,diple
22.93,diple
22.110,diple
22.117,diple
22.123,diple
22.124,diple
22.128,diple
22.132,diple
22.141,diple
22.143,diple
22.148,diple
22.151,diple
22.152,diple
22.158,diple
22.161,diple
22.164,diple
22.170,diple
22.183,asteriskos
22.184,asteriskos
22.190,diple
22.194,diple
22.197,diple
22.199,obelos
22.200,obelos
22.201,obelos
22.202,diple
22.208,diple
22.210,diple
22.216,dotteddiple
22.229,diple
22.250,diple
22.251,diple
22.254,diple
22.255,diple
22.257,diple
22.266,diple
22.286,diple
22.291,diple
22.294,diple
22.304,diple
22.308,diple
22.318,diple
22.322,diple
22.329,obelos
22.342,diple
22.343,diple
22.349,diple
22.351,diple
22.354,diple
22.356,diple
22.362,diple
22.375,diple
22.378,dotteddiple
22.379,diple
22.393,obelos
22.394,obelos
22.396,diple
22.411,diple
22.440,diple
22.480,diple
22.487,obelos
22.488,obelos
22.489,diple
22.489,obelos
22.490,obelos
22.491,obelos
22.492,diple
22.492,obelos
22.493,obelos
22.494,obelos
22.495,obelos
22.496,obelos
22.497,obelos
22.498,obelos
22.499,obelos
22.505,diple
23.7,diple
23.9,diple
23.15,diple
23.16,diple
23.18,diple
23.29,diple
23.34,diple
23.37,diple
23.58,diple
23.63,diple
23.64,diple
23.65,diple
23.71,diple
23.73,diple
23.88,diple
23.91,diple
23.92,obelos
23.94,diple
23.104,diple
23.111,diple
23.119,diple
23.132,diple
23.134,diple
23.135,diple
23.139,diple
23.155,diple
23.157,diple
23.160,diple
23.169,diple
23.171,diple
23.183,diple
23.186,diple
23.221,diple
23.226,diple
23.244,diple
23.245,diple
23.256,diple
23.259,obelos
23.260,obelos
23.261,obelos
23.263,diple
23.267,diple
23.269,diple
23.270,diple
23.273,diple
23.276,diple
23.280,diple
23.295,diple
23.296,diple
23.297,diple
23.304,diple
23.307,dotteddiple
23.311,diple
23.337,diple
23.345,diple
23.358,asteriskos
23.358,diple
23.364,diple
23.372,diple
23.385,diple
23.403,diple
23.405,obelos
23.406,obelos
23.408,diple
23.411,diple
23.413,diple
23.431,diple
23.454,diple
23.459,diple
23.471,obelos
23.479,obelos
23.480,diple
23.481,diple
23.485,diple
23.486,diple
23.509,diple
23.512,diple
23.513,diple
23.514,diple
23.518,diple
23.521,diple
23.523,diple
23.527,dotteddiple
23.531,diple
23.533,diple
23.538,diple
23.543,diple
23.544,diple
23.551,diple
23.552,diple
23.568,diple
23.574,diple
23.581,obelos
23.603,diple
23.604,diple
23.621,diple
23.627,diple
23.630,diple
23.634,diple
23.635,diple
23.638,diple
23.642,diple
23.659,diple
23.661,diple
23.679,diple
23.683,diple
23.721,diple
23.725,diple
23.726,diple
23.753,dotteddiple
23.757,asteriskos
23.757,obelos
23.772,asteriskos
23.772,obelos
23.791,diple
23.795,diple
23.800,diple
23.804,asteriskos
23.806,obelos
23.810,obelos
23.822,diple
23.824,obelos
23.825,obelos
23.826,diple
23.843,asteriskos
23.843,obelos
23.845,diple
23.850,diple
23.851,diple
23.855,diple
23.857,diple
23.863,diple
23.870,diple
23.880,diple
23.882,diple
23.886,diple
23.891,diple
24.6,obelos
24.7,obelos
24.8,obelos
24.9,obelos
24.15,diple
24.17,diple
24.18,diple
24.20,obelos
24.21,obelos
24.25,obelos
24.26,obelos
24.27,obelos
24.28,obelos
24.29,obelos
24.30,obelos
24.38,diple
24.45,obelos
24.46,diple
24.47,diple
24.54,diple
24.58,diple
24.71,obelos
24.72,obelos
24.73,obelos
24.74,diple
24.77,diple
24.78,diple
24.86,obelos
24.100,diple
24.104,diple
24.108,diple
24.109,diple
24.110,diple
24.121,diple
24.124,diple
24.130,obelos
24.131,obelos
24.132,obelos
24.134,diple
24.141,diple
24.143,diple
24.144,diple
24.145,diple
24.151,diple
24.163,diple
24.164,diple
24.172,diple
24.180,diple
24.184,diple
24.205,diple
24.208,diple
24.210,asteriskos
24.215,diple
24.221,diple
24.222,asteriskos
24.228,diple
24.229,diple
24.232,diple
24.241,diple
24.251,diple
24.253,diple
24.257,diple
24.272,diple
24.282,diple
24.293,dotteddiple
24.304,diple
24.304,obelos
24.305,diple
24.306,diple
24.315,diple
24.318,diple
24.331,diple
24.337,diple
24.338,diple
24.339,diple
24.341,asteriskos
24.342,asteriskos
24.367,diple
24.370,diple
24.383,diple
24.394,diple
24.395,diple
24.512,diple
24.514,obelos
24.527,diple
24.528,diple
24.544,diple
24.545,diple
24.550,dotteddiple
24.551,diple
24.556,obelos
24.557,obelos
24.558,antisigma
24.566,diple
24.574,diple
24.577,diple
24.588,diple
24.594,obelos
24.595,obelos
24.604,diple
24.605,diple
24.613,diple
24.614,obelos
24.615,obelos
24.616,obelos
24.617,obelos
24.624,diple
24.628,diple
24.665,diple
24.666,diple
24.668,diple
24.704,diple
24.721,diple
24.729,diple
24.730,diple
24.735,diple
24.741,diple
24.752,diple
24.753,diple
24.757,diple
24.764,diple
24.765,diple
24.778,diple
24.780,diple
